{"cameraMode":{"drawMode":0,"name":"Shaded","section":"Shading Mode"},"sceneLighting":true,"audioPlay":false,"sceneViewState":{"showFog":true,"showMaterialUpdate":false,"showSkybox":true,"showFlares":true,"showImageEffects":true,"showParticleSystems":true},"in2DMode":false,"pivot":{"x":0.04694183170795441,"y":1.2031095027923585,"z":7.6436262130737309},"rotation":{"x":-0.007720612455159426,"y":0.9579529762268066,"z":-0.28566768765449526,"w":-0.025884883478283883},"size":2.724745035171509,"orthographic":false}