{"cameraMode":{"drawMode":0,"name":"Shaded","section":"Shading Mode"},"sceneLighting":false,"audioPlay":false,"sceneViewState":{"showFog":true,"showMaterialUpdate":false,"showSkybox":false,"showFlares":true,"showImageEffects":true,"showParticleSystems":true},"in2DMode":false,"pivot":{"x":-6.608852863311768,"y":0.09000003337860108,"z":-15.959863662719727},"rotation":{"x":-0.21057818830013276,"y":-0.7670180797576904,"z":0.3101968765258789,"w":-0.5206931829452515},"size":3.8342785835266115,"orthographic":false}