{"cameraMode":{"drawMode":0,"name":"Shaded","section":"Shading Mode"},"sceneLighting":false,"audioPlay":false,"sceneViewState":{"showFog":true,"showMaterialUpdate":false,"showSkybox":false,"showFlares":true,"showImageEffects":true,"showParticleSystems":true},"in2DMode":false,"pivot":{"x":-13.375,"y":0.323941707611084,"z":-4.273942947387695},"rotation":{"x":0.05372464656829834,"y":-0.887758731842041,"z":0.10732432454824448,"w":0.44439008831977847},"size":14.045016288757325,"orthographic":false}