{"cameraMode":{"drawMode":0,"name":"Shaded","section":"Shading Mode"},"sceneLighting":false,"audioPlay":false,"sceneViewState":{"showFog":true,"showMaterialUpdate":false,"showSkybox":false,"showFlares":true,"showImageEffects":true,"showParticleSystems":true},"in2DMode":false,"pivot":{"x":-2.649066925048828,"y":0.7277035713195801,"z":-3.8789498805999758},"rotation":{"x":-0.21057818830013276,"y":-0.7670180797576904,"z":0.3101968765258789,"w":-0.5206931829452515},"size":0.6123725175857544,"orthographic":false}